"Protein numbers (Bouchnak et al., Mol Cell Proteomics 2019) "	TAIR AGI	"Simplified location AT_CHLORO (Ferro et al., 2010)"	"Simplified location (Bouchnak et al., Mol Cell Proteomics 2019) "
1	AT5G50920	ENV-STR	ENV-STR
2	AT3G48870	ENV-STR	ENV
3	AT5G51070	STR-ENV	ENV-STR
4	ATCG00670	STR-ENV	ENV-STR
5	AT1G66670	STR-ENV	ENV-STR
6	AT5G45390	STR-ENV	ENV-STR
7	AT1G02560	STR-ENV	ENV-STR
8	AT1G11750	STR-ENV	ENV-STR
9	AT1G49970	STR-ENV	ENV-STR
10	AT1G12410	STR-ENV	ENV-STR
11	AT1G09130	ENV-STR	ENV-STR
12	AT4G17040	STR-ENV	ENV-STR
13	AT4G12060	ENV-STR	ENV-STR
14	AT4G25370	ENV-STR	ENV-STR
15	AT2G44650	ENV-STR	ENV-STR
16	AT5G20720	STR-ENV	ENV-STR
17	AT3G62030	STR-ENV	ENV-STR
18	AT2G47940	STR-ENV	ENV-STR
19	AT1G80030	ENV	ENV
20	AT3G17830	ENV	ENV
21	AT2G22360	ENV	ENV-OTH
22	AT4G39960	ENV	ENV
23	AT5G21430	ENV-THY	ENV-THY
24	AT4G23940	ENV	ENV
25	AT3G16290	ENV	ENV
26	AT3G02450	ENV	ENV
27	AT5G64580	ENV	ENV
28	AT3G04340	ENV	ENV
29	AT3G47060	ENV	ENV
30	AT5G58870	ENV	ENV
31	AT5G53170	ENV	ENV
32	AT1G79560	ENV	ENV
33	AT1G67690	nd	ENV
34	AT2G38025	ENV	ENV
35	AT5G56730	ENV	ENV
36	AT1G25290	ENV	ENV
37	AT5G25752	ENV	ENV
38	AT1G73990	ENV-THY	ENV
39	AT2G03140	nd	ENV
40	AT3G47490	n/a	ENV
41	AT1G74640	ENV	ENV
42	AT5G19850	ENV	ENV
43	AT1G52510	STR-ENV	ENV-STR
44	AT4G36530	ENV	ENV
45	AT4G32900	nd	ENV
46	AT5G50330	nd	ENV
47	AT4G24810	nd	ENV
48	AT5G03900	ENV	ENV-OTH
49	AT3G20390	ENV-STR	ENV-STR
50	AT1G18500	STR	ENV
51	AT5G39410	ENV	ENV-OTH
52	AT4G27070	STR-ENV	ENV
53	AT5G51690	ENV	ENV
54	AT4G34240	ENV	ENV
55	AT3G01500	ENV-STR	ENV-STR
56	AT5G14740	ENV-STR	ENV-STR
57	AT3G47520	ENV-STR	ENV-STR
58	AT1G12230	ENV-STR	ENV
59	AT1G16880	STR-ENV	ENV-STR
60	AT3G07670	nd	ENV
61	AT1G22410	nd	ENV
62	AT4G39980	nd	ENV
63	AT1G62960	n/a	ENV
64	AT3G25760	ENV	ENV-OTH
65	AT3G25770	ENV-STR	ENV-STR
66	AT3G25780	ENV	ENV
67	AT1G13280	ENV	ENV-OTH
68	AT5G42650	ENV-THY	ENV-THY
69	AT4G13010	ENV	ENV
70	AT3G11945		ENV
71	AT4G25050	STR-ENV	ENV-STR
72	AT2G38040	ENV	ENV
73	ATCG00500	ENV	ENV
74	AT5G16390	STR-ENV	ENV-STR
75	AT1G08640	ENV	ENV
76	AT3G60620	ENV	ENV
77	AT3G15850	ENV	ENV
78	AT4G30950	ENV	ENV
79	AT3G11170	ENV	ENV
80	AT5G05580	nd	ENV
81	AT4G14070	ENV	ENV
82	AT3G23790	ENV	ENV
83	AT2G46090	THY	ENV
84	AT1G77420	nd	ENV
85	AT3G07400	nd	ENV
86	AT3G50790	nd	ENV
87	AT4G30580	ENV	ENV
88	AT4G31780	ENV	ENV
89	AT3G10840	ENV	ENV
90	AT1G18360	ENV	ENV
91	AT4G16700	nd	ENV
92	AT5G17670	ENV-THY	ENV-THY
93	AT3G58830	nd	ENV
94	AT2G39290	ENV	ENV
95	AT5G01220	ENV	ENV
96	AT3G25860	Mix	ENV
97	AT1G34430	Mix	ENV
98	AT1G01090	ENV-STR	ENV
99	AT1G30120	ENV-STR	ENV-STR
100	AT3G16950	ENV-STR	ENV
101	AT4G16155	ENV-STR	ENV-STR
102	AT5G67030	ENV	ENV-OTH
103	AT1G60600	nd	ENV
104	AT3G56940	ENV-THY	ENV
105	AT1G08520	THY-STR	ENV-THY
106	AT5G13630	STR-ENV	ENV
107	AT4G25080	ENV-THY	ENV-THY
108	AT5G38520	ENV-THY	ENV-THY
109	AT1G57770	ENV	ENV
110	AT4G14210	ENV-THY	ENV-THY
111	AT1G06820	ENV	ENV
112	AT4G15110	ENV	ENV-OTH
113	AT5G18660	ENV-THY	ENV-THY
114	AT1G04620	THY-ENV	ENV-THY
115	AT3G09580	ENV	ENV
116	AT3G53130	ENV	ENV
117	AT5G57030	nd	ENV
118	AT1G31800	ENV	ENV
119	AT3G10230	ENV	ENV
120	AT3G44880	ENV-THY	ENV
121	AT4G27440	ENV-THY	ENV-THY
122	AT1G03630	ENV-THY	ENV-THY
123	AT4G01690	ENV-THY	ENV-THY
124	AT5G14220	ENV	ENV
125	AT1G51560	nd	ENV
126	AT2G21860	nd	ENV
127	AT4G32770	ENV-THY	ENV-THY
128	AT3G63410	ENV	ENV
129	AT1G64970	ENV	ENV
130	AT5G04490	nd	ENV
131	AT1G78620	ENV	ENV-OTH
132	AT3G04870	ENV	ENV-STR
133	AT5G59500	n/a	ENV
134	AT3G23400	THY-ENV	ENV-THY
135	AT3G26080	nd	ENV
136	AT5G19940	ENV-THY	ENV
137	AT1G51110	THY-ENV	ENV-THY
138	AT5G42480	ENV	ENV
139	AT3G19180	nd	ENV
140	AT2G21280	ENV	ENV-THY
141	AT1G20830	ENV	ENV
142	AT1G69390	ENV	ENV
143	AT5G24020	ENV-STR	ENV
144	AT4G25130	STR-ENV	ENV-STR
145	AT2G45770	Mix	ENV-OTH
146	AT1G49880	nd	ENV
147	AT1G21650	ENV	ENV
148	AT2G31530	nd	ENV
149	AT1G04940	nd	ENV
150	AT2G47840	ENV	ENV
151	AT5G55710	n/a	ENV-OTH
152	AT2G15290	ENV	ENV
153	AT4G33350	ENV	ENV
154	AT3G23710	ENV-STR	ENV
155	AT5G62650	n/a	ENV
156	AT4G23430	ENV	ENV
157	AT5G16620	ENV	ENV
158	AT2G24820	ENV	ENV
159	AT4G25650	ENV	ENV
160	AT5G01590	ENV	ENV
161	AT5G22640	ENV	ENV
162	AT1G06950	ENV	ENV
163	ATCG01130	ENV	ENV
420	AT2G25660	nd	ENV
164	AT2G34460	ENV-THY	ENV-THY
165	AT1G72640	THY-ENV	ENV-THY
166	AT5G62140	ENV	ENV
167	AT5G52440	ENV-THY	ENV-THY
168	AT5G28750	ENV	ENV
169	AT3G04890	ENV	ENV-OTH
170	AT2G46100	ENV	ENV
171	AT5G04830	ENV	ENV
172	AT1G71480	nd	ENV-OTH
173	AT2G34810	nd	ENV
174	AT3G59840	ENV	ENV
175	AT4G28730	nd	ENV-OTH
176	AT1G06690	ENV	ENV-OTH
177	AT1G32550	ENV-STR	ENV-STR
178	AT3G53220	ENV	ENV
179	AT5G06430	ENV	ENV
180	AT5G50100	ENV	ENV
181	AT5G04900	ENV	ENV-OTH
182	AT2G37240	nd	ENV
183	AT5G03880	ENV-THY	ENV-THY
184	AT1G54500	ENV-THY	ENV-THY
185	AT3G52960	STR-ENV	ENV-STR
186	AT3G54900	STR-ENV	ENV-STR
187	AT2G04700	STR-ENV	ENV-STR
188	AT5G26742	STR-ENV	ENV-STR
189	AT3G63140	Mix	ENV-STR
190	AT3G07790	nd	ENV-OTH
191	AT5G20130	ENV	ENV
192	AT2G43630	ENV	ENV
193	AT4G34830	ENV	ENV
194	AT5G46580	ENV-STR	ENV
195	AT3G09490	nd	ENV
196	AT5G02590	nd	ENV
197	AT3G18420	ENV	ENV
198	AT2G37400	ENV	ENV
199	AT3G53560	ENV	ENV
200	AT1G10510	ENV	ENV
201	AT2G44870	ENV	ENV
202	AT3G55250	ENV-STR	ENV
203	AT3G51140	ENV	ENV
204	AT5G23040	ENV	ENV
205	AT2G33380	nd	ENV-OTH
206	AT1G67700	ENV-THY	ENV-THY
207	AT5G44000	n/a	ENV
208	AT2G25080	Mix	ENV-OTH
209	AT3G44380	n/a	ENV
210	AT3G45890	ENV	ENV
211	AT2G31190	ENV	ENV
212	AT5G49820	nd	ENV
213	AT3G63490	STR-ENV	ENV-STR
214	ATCG00830	STR-ENV	ENV-STR
215	AT2G43030	STR-ENV	ENV-STR
216	AT1G05190	STR-ENV	ENV-STR
217	AT3G44890	STR-ENV	ENV-STR
218	AT5G13510	STR-ENV	ENV-STR
219	AT1G32990	Mix	ENV-OTH
220	AT3G27830	STR-ENV	ENV-STR
221	AT1G78630	STR-ENV	ENV-STR
222	AT4G01310	STR-ENV	ENV-STR
223	AT3G25920	STR-ENV	ENV-STR
224	ATCG00790	STR-ENV	ENV-STR
225	AT3G54210	ENV-STR	ENV-STR
226	AT4G17560	STR-ENV	ENV-STR
227	AT5G47190	ENV-STR	ENV-STR
228	ATCG00660	ENV-STR	ENV-STR
229	AT1G35680	STR-ENV	ENV-STR
230	ATCG00810	STR-ENV	ENV-STR
231	ATCG00840	STR-ENV	ENV-STR
232	AT5G54600	ENV-STR	ENV-STR
233	AT5G40950	ENV-STR	ENV-STR
234	AT2G33450	STR-ENV	ENV
235	AT5G65220	STR-ENV	ENV-STR
236	ATCG00760	STR-ENV	ENV-STR
237	ATCG00770	Mix	ENV-OTH
238	AT1G74970	STR-ENV	ENV-STR
239	ATCG00330	STR-ENV	ENV-STR
240	ATCG01120	STR-ENV	ENV-STR
241	AT4G34620	STR-ENV	ENV-STR
242	AT1G79850	Mix	ENV-OTH
243	ATCG00650	ENV-STR	ENV-STR
244	ATCG00820	STR-ENV	ENV-STR
245	AT3G15190	STR-ENV	ENV-STR
246	AT2G38140	STR-ENV	ENV
247	AT2G42770	ENV	ENV
248	AT5G19750	ENV	ENV
249	AT5G62720	ENV	ENV
250	AT5G52540	ENV	ENV
251	AT4G24460	ENV	ENV
252	AT1G32080	ENV	ENV
253	AT4G00370	ENV	ENV
254	AT5G06220	ENV	ENV
255	AT3G11560	ENV	ENV
256	AT3G60590	ENV	ENV
257	AT4G28210	ENV	ENV
258	AT1G70610	ENV	ENV
259	AT3G21580	ENV	ENV
260	AT1G28530	ENV	ENV
261	AT5G03910	ENV	ENV
262	AT5G64940	THY	ENV
263	AT4G25450	ENV	ENV
264	AT4G33460	ENV	ENV
265	AT5G58270	ENV	ENV
266	AT5G14100	ENV	ENV
267	AT1G80300	ENV	ENV
268	AT1G15500	ENV	ENV
269	AT4G37270	ENV	ENV
270	AT4G33520	ENV	ENV
271	AT4G13590	ENV	ENV
272	AT5G59250	ENV	ENV-OTH
273	AT5G16150	ENV	ENV
274	AT5G12170	nd	ENV
275	AT5G10490	ENV	ENV
276	AT4G00290	ENV	ENV
277	AT1G48460	ENV	ENV
278	AT5G43745	ENV	ENV
279	AT5G02940	ENV	ENV
280	AT1G19800	ENV	ENV
281	AT3G20320	ENV	ENV
282	AT1G65410	ENV	ENV
283	AT1G27695	nd	ENV
284	AT3G57280	ENV	ENV-OTH
285	AT2G38550	ENV	ENV
286	AT1G01790	ENV	ENV
287	AT4G00630	ENV	ENV
288	AT3G56290	nd	ENV
289	AT5G17520	ENV	ENV
290	AT4G32400	ENV	ENV
291	AT5G01500	ENV	ENV
292	AT1G78180	ENV	ENV
293	AT5G42130	ENV	ENV
294	AT2G35800	ENV	ENV
295	AT3G51870	ENV	ENV
296	AT4G39460	ENV	ENV
297	AT1G34065	nd	ENV
298	AT2G26360	nd	ENV
299	AT5G22830	ENV	ENV
300	AT3G13070	ENV	ENV
301	AT1G55930	ENV	ENV
302	AT2G02590	ENV	ENV
303	AT2G21340	ENV	ENV
304	AT2G26900	ENV-THY	ENV
305	AT3G56160	ENV	ENV
306	AT1G78560	ENV	ENV-OTH
307	AT2G16800	n/a	ENV
308	AT5G64290	ENV-THY	ENV-THY
309	AT5G64280	ENV	ENV-OTH
310	AT5G12860	ENV-THY	ENV
311	AT3G26570	ENV	ENV
312	AT2G29650	ENV	ENV
313	AT3G46980	ENV	ENV
314	AT5G17630	ENV	ENV
315	AT5G54800	nd	ENV
316	AT5G33320	ENV	ENV
317	AT3G01550	nd	ENV
318	AT5G46110	ENV-THY	ENV
319	AT4G38380	ENV	ENV
320	AT4G39030	nd	ENV
321	AT1G31410	ENV	ENV
322	AT1G67080	ENV	ENV
323	AT2G24020	STR-ENV	ENV-STR
324	AT5G14910	STR-ENV	ENV-STR
325	AT1G71240	ENV	ENV
326	AT2G38695	n/a	ENV
327	AT5G63040	ENV	ENV
328	AT2G36835	ENV	ENV
329	AT1G25375	ENV	ENV
330	AT1G55450	ENV	ENV-OTH
331	AT1G11320	ENV	ENV
332	AT5G63050	ENV	ENV
333	AT4G17540	ENV	ENV
334	AT3G63390	ENV	ENV
335	AT5G22210	ENV	ENV
336	AT5G65250	ENV	ENV
337	AT1G33810	ENV	ENV-OTH
338	AT3G61770	ENV	ENV
339	AT1G44920	ENV	ENV
340	AT2G43540	n/a	ENV
341	AT1G06510	nd	ENV
342	AT2G35660	nd	ENV-OTH
343	AT1G49510	ENV	ENV
344	AT1G56200	ENV	ENV
345	AT4G15820	ENV	ENV
346	AT5G53860	ENV	ENV
347	AT1G24040	ENV	ENV-OTH
348	AT1G66820	ENV	ENV
349	AT1G42960	ENV	ENV
350	AT3G02900	ENV	ENV
351	AT5G16660	ENV	ENV
352	AT5G42070	ENV-THY	ENV-THY
353	AT3G12345	nd	ENV-OTH
354	AT4G27700	ENV-THY	ENV-THY
355	AT1G18060	nd	ENV-OTH
356	AT3G32930	ENV	ENV
357	AT5G09995	ENV	ENV
358	AT1G08530	ENV	ENV
359	AT1G64680	ENV-THY	ENV
360	AT5G13720	ENV	ENV
361	AT4G19390	ENV	ENV
362	AT3G08640	ENV	ENV
363	AT5G12470	ENV	ENV-OTH
364	AT5G24690	ENV	ENV
365	AT2G37860	ENV	ENV
366	AT1G29700	ENV-STR	ENV-STR
367	AT1G54520	ENV	ENV-OTH
368	AT5G20140	ENV-THY	ENV-THY
369	AT2G43235	ENV	ENV
370	AT5G08540	ENV	ENV
371	AT5G23890	ENV	ENV
372	AT5G52410	ENV	ENV
373	AT3G25680	ENV	ENV
374	AT4G13150	ENV	ENV
375	AT4G13670	ENV-THY	ENV
376	AT5G22790	ENV	ENV
377	AT3G08920	THY-ENV	ENV-THY
378	AT5G12130	nd	ENV
379	AT2G18245	n/a	ENV
380	AT1G73470	nd	ENV
381	AT1G16790	ENV	ENV
382	ATCG00860	ENV	ENV
383	AT1G65260	ENV	ENV-OTH
			
384	AT4G27680	nd	ENV-OTH
385	AT1G70480	nd	ENV
386	AT4G32250	ENV	ENV
387	AT2G32290	ENV	ENV
388	AT4G29130	ENV	ENV-OTH
389	AT2G27490	ENV	ENV
390	AT3G63170	ENV	ENV
391	AT3G63520	ENV	ENV-OTH
392	AT4G15440	nd	ENV-OTH
393	AT1G26340	ENV	ENV
394	AT2G40690	ENV	ENV
395	AT1G77590	ENV	ENV
396	AT5G16010	ENV	ENV-OTH
397	AT4G13550	nd	ENV-OTH
398	AT3G19720	ENV	ENV
399	AT5G51020	ENV	ENV
400	AT3G57090	ENV	ENV
401	AT2G16070	ENV	ENV
402	AT4G27990	ENV	ENV
403	AT3G07430	ENV	ENV
404	AT3G25690	ENV	ENV-OTH
405	AT2G28900	ENV	ENV
406	AT5G55510	ENV	ENV
407	AT3G49560	ENV	ENV
408	AT5G24650	ENV	ENV
409	AT4G26670	ENV	ENV
410	AT1G02280	ENV	ENV
411	AT5G05000	ENV	ENV
412	AT3G17970	ENV	ENV
413	AT3G46740	ENV	ENV
414	AT5G19620	ENV	ENV
415	AT5G20300	nd	ENV
416	AT3G16620	nd	ENV
417	AT2G16640	ENV	ENV
418	AT4G02510	ENV	ENV
419	AT1G63900	nd	ENV
421	AT3G06510	ENV	ENV
422	AT2G01320	ENV	ENV
423	AT1G76405	ENV	ENV
424	AT1G20816	ENV	ENV
425	AT2G17695	ENV	ENV
426	AT1G45170	nd	ENV-OTH
427	AT3G52230	ENV	ENV-OTH
428	AT5G42960	ENV	ENV
429	AT2G43950	ENV	ENV
430	AT2G44640	ENV	ENV
431	AT3G06960	ENV	ENV
432	AT3G63160	ENV	ENV-OTH
433	AT2G34585	ENV	ENV-OTH
434	AT5G64816	ENV	ENV
435	AT3G03870	nd	ENV
			
436	AT1G11660	nd	ENV?
437	AT3G28220	ENV	ENV?
438	AT2G36810	nd	ENV?
439	AT1G52030	nd	ENV?
440	AT2G39310	nd	ENV?
441	AT2G39330	nd	ENV?
442	AT1G16540	nd	ENV?
443	AT3G51420	nd	ENV?
444	AT3G14210	nd	ENV?
445	AT5G10050	nd	ENV?
446	AT1G17720	nd	ENV?
447	AT4G16580	nd	ENV?
448	AT1G64900	nd	ENV?
449	AT5G63030	nd	ENV?
450	AT1G35720	STR	ENV?
451	AT1G64850	ENV	ENV?
452	AT5G53540	nd	ENV?
453	AT5G64970	nd	ENV?
454	AT3G20240	nd	ENV?
455	AT5G64500	nd	ENV?
456	AT1G13820	nd	ENV?
457	AT5G40050	nd	ENV?
458	AT2G06010	nd	ENV?
459	AT3G01660	nd	ENV?
460	AT4G28000	nd	ENV?
461	AT2G29700	nd	ENV?
462	AT5G56850	nd	ENV?
			
463	AT5G62390	nd	OTH-ERGV?
464	AT5G28540	ENV-STR	OTH-ERGV
465	AT5G42020	nd	OTH-ERGV
466	AT5G61790	ENV	OTH-ERGV
467	AT1G08450	nd	OTH-ERGV
468	AT4G24190	nd	OTH-ERGV
469	AT3G44330	nd	OTH-ERGV?
470	AT2G25110	nd	OTH-ERGV
471	AT5G20520	nd	OTH-ERGV
472	AT1G65020	n/a	OTH-ERGV?
473	AT5G66680	nd	OTH-ERGV?
474	AT2G44490	nd	OTH-ERGV?
475	AT1G52400	ENV	OTH-ERGV?
476	AT3G57030	nd	OTH-ERGV
477	AT4G31500	nd	OTH-ERGV
478	AT3G19820	ENV	OTH-ERGV
479	AT5G57655	nd	OTH-ERGV
480	AT4G13770	nd	OTH-ERGV
481	AT5G63840	nd	OTH-ERGV
482	AT5G48810	nd	OTH-ERGV
483	AT1G67730	nd	OTH-ERGV
484	AT4G23850	nd	OTH-ERGV?
485	AT2G04350	ENV	OTH-ERGV?
486	AT5G13640	nd	OTH-ERGV
487	AT5G17770	nd	OTH-ERGV
488	AT1G50430	nd	OTH-ERGV
489	AT1G20050	nd	OTH-ERGV?
490	AT2G30490	nd	OTH-ERGV
491	AT4G36220	nd	OTH-ERGV
492	AT5G12200	nd	OTH-ERGV
493	AT1G04430	nd	OTH-ERGV
494	AT3G04830	nd	OTH-ERGV?
495	AT4G24920	nd	OTH-ERGV?
496	AT5G14030	nd	OTH-ERGV?
497	AT1G48440	nd	OTH-ERGV?
498	AT5G42570	nd	OTH-ERGV?
499	AT3G17780	nd	OTH-ERGV?
500	AT1G29310	nd	OTH-ERGV?
501	AT4G12300	nd	OTH-ERGV
502	AT1G21750	nd	OTH-ERGV
503	AT1G77510	nd	OTH-ERGV?
504	AT3G54960	nd	OTH-ERGV
505	AT5G60640	nd	OTH-ERGV
506	AT2G47470	nd	OTH-ERGV
507	AT1G35620	nd	OTH-ERGV?
508	AT4G21150	nd	OTH-ERGV
509	AT3G51830	nd	OTH-ERGV
510	AT5G39590	nd	OTH-ERGV?
511	AT1G26120	nd	OTH-ERGV?
512	AT3G59920	nd	OTH-ERGV
513	AT1G56330	nd	OTH-ERGV?
514	AT3G46830	nd	OTH-ERGV?
515	AT4G09720	nd	OTH-ERGV
516	AT5G46860	nd	OTH-ERGV?
517	AT5G65270	nd	OTH-ERGV?
518	AT1G43890	nd	OTH-ERGV?
519	AT1G06400	nd	OTH-ERGV?
520	AT3G46060	ENV	OTH-ERGV?
521	AT4G17530	ENV	OTH-ERGV?
522	AT4G17170	ENV	OTH-ERGV?
523	AT2G44610	ENV	OTH-ERGV?
524	AT1G22740	ENV	OTH-ERGV?
525	AT4G18430	nd	OTH-ERGV?
526	AT4G35860	n/a	OTH-ERGV?
527	AT3G53610	nd	OTH-ERGV?
528	AT1G09630	nd	OTH-ERGV?
529	AT1G52280	nd	OTH-ERGV?
530	AT3G18820	nd	OTH-ERGV?
531	AT2G20990	nd	OTH-ERGV?
532	AT1G07670	nd	OTH-ERGV?
533	AT3G10260	nd	OTH-ERGV?
534	AT1G10950	nd	OTH-ERGV
535	AT5G10840	nd	OTH-ERGV
536	AT4G12650	nd	OTH-ERGV
537	AT3G54840	nd	OTH-ERGV
538	AT3G56190	nd	OTH-ERGV?
539	AT1G23490	nd	OTH-ERGV
540	AT3G49870	nd	OTH-ERGV?
541	AT3G09840	nd	OTH-ERGV?
542	AT2G20760	nd	OTH-ERGV?
543	AT3G11130	nd	OTH-ERGV?
544	AT5G42080	nd	OTH-ERGV?
545	AT1G59610	nd	OTH-ERGV?
546	AT2G14120	nd	OTH-ERGV?
547	AT3G60190	nd	OTH-ERGV?
548	AT5G25250	nd	OTH-ERGV?
549	AT4G04910	nd	OTH-ERGV?
550	AT4G33625	nd	OTH-ERGV?
551	AT3G13870	nd	OTH-ERGV?
552	AT4G11220	nd	OTH-ERGV?
553	AT4G34450	nd	OTH-ERGV?
554	AT4G32150	nd	OTH-ERGV?
555	AT5G11150	nd	OTH-ERGV?
556	AT1G04750	nd	OTH-ERGV?
557	AT5G39510	nd	OTH-ERGV?
558	AT2G38020	nd	OTH-ERGV?
559	AT5G67560	nd	OTH-ERGV?
560	AT5G04990	nd	OTH-ERGV
561	AT3G11820	nd	OTH-ERGV?
562	AT1G72150	ENV	OTH-ERGV?
563	AT1G22850	nd	OTH-ERGV?
564	AT3G50380	nd	OTH-ERGV?
565	AT3G54860	nd	OTH-ERGV?
566	AT1G08190	nd	OTH-ERGV
567	AT1G73650	nd	OTH-ERGV?
568	AT4G22690	nd	OTH-ERGV
569	AT2G24180	nd	OTH-ERGV?
570	AT1G65820	nd	OTH-ERGV?
571	AT4G17140	nd	OTH-ERGV?
572	AT2G32240	nd	OTH-ERGV
573	AT5G11560	nd	OTH-ERGV?
			
574	AT4G33090	THY	OTH-CYT
575	AT2G16600	nd	OTH-CYT
576	AT5G12140	nd	OTH-CYT
577	AT3G09440	ENV-STR	OTH-CYT
578	AT5G56030	nd	OTH-CYT
579	AT2G24200	STR	OTH-CYT
580	AT3G22110	nd	OTH-CYT
581	AT1G47250	nd	OTH-CYT
582	AT4G31300	nd	OTH-CYT
583	AT4G24820	nd	OTH-CYT
584	AT4G34870	nd	OTH-CYT
585	AT1G24510	nd	OTH-CYT
586	AT5G09810	STR-ENV	OTH-CYT
587	AT1G64330	nd	OTH-CYT
588	AT5G19770	nd	OTH-CYT
589	AT5G62690	nd	OTH-CYT
590	AT3G16640	nd	OTH-CYT
591	AT4G09320	ENV	OTH-CYT
592	AT3G16470	n/a	OTH-CYT
593	AT4G14880	STR	OTH-CYT
594	AT1G65960	nd	OTH-CYT
595	AT4G13940	STR	OTH-CYT
596	AT5G17920	STR	OTH-CYT
597	AT3G03780	nd	OTH-CYT
598	AT1G70410	nd	OTH-CYT
599	AT2G40840	nd	OTH-CYT
600	AT2G36530	STR	OTH-CYT
601	AT2G36460	nd	OTH-CYT
602	AT3G52930	STR	OTH-CYT
603	AT1G07110	nd	OTH-CYT
604	AT1G13440	STR	OTH-CYT
605	AT1G04410	STR	OTH-CYT
606	AT5G11670	nd	OTH-CYT
607	AT3G46970	nd	OTH-CYT
608	AT2G42600	nd	OTH-CYT
609	AT1G50480	nd	OTH-CYT
610	AT3G55440	STR	OTH-CYT
611	AT1G65930	STR	OTH-CYT
612	AT3G12670	nd	OTH-CYT
613	AT3G44310	nd	OTH-CYT
614	AT2G42690	nd	OTH-CYT
615	AT3G15730	nd	OTH-CYT
616	AT5G51970	nd	OTH-CYT
617	AT4G24220	nd	OTH-CYT
618	AT2G38230	nd	OTH-CYT
619	AT1G19670	nd	OTH-CYT
620	AT5G44020	nd	OTH-CYT
621	AT2G20630	nd	OTH-CYT
622	AT1G07890	nd	OTH-CYT
623	AT4G02520	STR	OTH-CYT
624	AT2G30870	nd	OTH-CYT
625	AT2G21660	THY	OTH-CYT
626	AT1G76010	nd	OTH-CYT
627	AT2G23350	nd	OTH-CYT
628	AT5G47210	nd	OTH-CYT
629	AT5G41790	nd	OTH-CYT
630	AT4G09000	STR	OTH-CYT
631	AT5G38480	STR	OTH-CYT
632	AT5G16050	nd	OTH-CYT
633	AT5G10450	nd	OTH-CYT
634	AT2G42590	nd	OTH-CYT
635	AT1G22300	nd	OTH-CYT
636	AT5G01750	nd	OTH-CYT
637	AT1G18080	nd	OTH-CYT
638	AT1G31340	nd	OTH-CYT
639	AT1G54040	STR	OTH-CYT
640	AT5G04430	nd	OTH-CYT
641	AT1G20450	STR	OTH-CYT
642	AT2G44060	nd	OTH-CYT
643	AT1G08830	nd	OTH-CYT
644	AT1G19570	nd	OTH-CYT
645	AT3G12490	nd	OTH-CYT
646	AT1G54100	nd	OTH-CYT
647	AT2G31570	n/a	OTH-CYT
648	AT1G30580	nd	OTH-CYT
649	AT5G27470	nd	OTH-CYT
650	AT3G10950	nd	OTH-CYT
651	AT1G07920	THY	OTH-CYT
652	AT3G13920	nd	OTH-CYT
653	AT1G57720	nd	OTH-CYT
654	AT5G19510	nd	OTH-CYT
655	AT1G26630	THY	OTH-CYT
656	AT1G56070	THY	OTH-CYT
657	AT3G09200	nd	OTH-CYT
658	AT2G27710	ENV	OTH-CYT
659	AT5G57290	nd	OTH-CYT
660	AT3G09630	nd	OTH-CYT
661	AT3G25520	nd	OTH-CYT
662	AT1G74050	nd	OTH-CYT
663	AT2G47610	nd	OTH-CYT
664	AT2G01250	nd	OTH-CYT
665	AT2G44120	nd	OTH-CYT
666	AT2G18020	nd	OTH-CYT
667	AT1G33120	nd	OTH-CYT
668	AT1G08360	nd	OTH-CYT
669	AT2G37190	ENV	OTH-CYT
670	AT4G27090	nd	OTH-CYT
671	AT2G42740	ENV	OTH-CYT
672	AT1G27400	ENV	OTH-CYT
673	AT3G05590	nd	OTH-CYT
674	AT5G27770	n/a	OTH-CYT
675	AT1G04480	nd	OTH-CYT
676	AT3G49910	nd	OTH-CYT
677	AT4G15000	n/a	OTH-CYT
678	AT1G72370	nd	OTH-CYT
679	AT2G17360	nd	OTH-CYT
680	AT2G37270	nd	OTH-CYT
681	AT5G10360	nd	OTH-CYT
682	AT5G20290	nd	OTH-CYT
683	AT5G15200	nd	OTH-CYT
684	AT4G25740	nd	OTH-CYT
685	AT5G23740	nd	OTH-CYT
686	AT3G60770	nd	OTH-CYT
687	AT2G36160	ENV	OTH-CYT
688	AT3G11510	ENV	OTH-CYT
689	AT1G04270	ENV	OTH-CYT
690	AT1G07770	nd	OTH-CYT
691	AT1G22780	ENV	OTH-CYT
692	AT3G45030	nd	OTH-CYT
693	AT3G53890	nd	OTH-CYT
694	AT5G27700	nd	OTH-CYT
695	AT3G09680	nd	OTH-CYT
696	AT2G16360	nd	OTH-CYT
697	AT3G10090	nd	OTH-CYT
698	AT5G64140	nd	OTH-CYT
			
699	AT5G40770	nd	OTH-MIT
700	AT5G55070	nd	OTH-MIT
701	AT2G19860	nd	OTH-MIT
702	AT1G53240	STR-ENV	OTH-MIT
703	AT2G38670	nd	OTH-MIT
704	AT4G11010	nd	OTH-MIT
705	AT5G63400	nd	OTH-MIT
706	AT1G53000	nd	OTH-MIT
707	AT1G11860	STR	OTH-MIT
708	AT4G37930	THY-STR	OTH-MIT
709	AT3G02090	nd	OTH-MIT
710	AT5G43970	nd	OTH-MIT
711	ATMG00160	nd	OTH-MIT
712	AT5G13430	nd	OTH-MIT
713	AT5G08530	nd	OTH-MIT
714	AT4G16450	nd	OTH-MIT
715	AT5G52840	nd	OTH-MIT
716	AT4G32470	nd	OTH-MIT
717	AT1G28690	nd	OTH-MIT
718	AT2G21870	nd	OTH-MIT
719	AT5G08670	nd	OTH-MIT
720	ATMG00640	nd	OTH-MIT
721	AT5G14040	nd	OTH-MIT
722	AT3G08580	nd	OTH-MIT
723	AT5G13490	nd	OTH-MIT
724	AT5G19760	nd	OTH-MIT
725	AT5G46800	nd	OTH-MIT
726	AT3G01280	nd	OTH-MIT
727	AT5G15090	nd	OTH-MIT
728	AT5G20090	nd	OTH-MIT
729	AT5G27540	nd	OTH-MIT
730	AT3G27930	nd	OTH-MIT
			
731	AT1G68010	Mix	OTH-PER
732	AT5G09660	ENV-THY	OTH-PER
733	AT4G29010	nd	OTH-PER
734	AT3G05970	nd	OTH-PER
735	AT2G33150	nd	OTH-PER
736	AT2G13360	STR	OTH-PER
737	AT5G03100	nd	OTH-PER
738	AT3G52880	STR	OTH-PER
739	AT1G23310	STR	OTH-PER
740	AT1G76180	ENV-STR	OTH-PER
741	AT3G14420	STR	OTH-PER
742	AT3G14415	STR	OTH-PER
743	AT4G35000	ENV	OTH-PER
744	AT1G20620	STR	OTH-PER
745	AT3G27820	nd	OTH-PER
			
746	AT3G19340	nd	OTH-PM
747	AT5G02500	ENV-STR	OTH-PM
748	AT5G62740	nd	OTH-PM
749	AT1G66980	nd	OTH-PM
750	AT3G44320	nd	OTH-PM
751	AT1G59870	nd	OTH-PM
752	AT3G21180	nd	OTH-PM
753	AT4G30190	nd	OTH-PM
754	AT5G62670	nd	OTH-PM
755	AT2G45960	n/a	OTH-PM
756	AT4G23400	nd	OTH-PM
757	AT3G53420	nd	OTH-PM
758	AT2G39010	nd	OTH-PM
759	AT4G35100	ENV	OTH-PM
760	AT1G30360	nd	OTH-PM
761	AT3G28860	nd	OTH-PM
762	AT5G53560	nd	OTH-PM
763	AT1G66970	nd	OTH-PM
764	AT4G27520	nd	OTH-PM
765	AT5G54500	nd	OTH-PM
766	AT4G36750	nd	OTH-PM
767	AT4G20260	ENV	OTH-PM
768	AT3G07390	nd	OTH-PM
769	AT3G08510	nd	OTH-PM
770	AT1G66410	nd	OTH-PM
771	AT1G18210	nd	OTH-PM
772	AT3G61050	nd	OTH-PM
773	AT5G06320	nd	OTH-PM
774	AT3G45780	nd	OTH-PM
775	AT5G58140	ENV	OTH-PM
776	AT2G37970	n/a	OTH-PM
777	AT3G01290	nd	OTH-PM
778	AT1G03870	nd	OTH-PM
779	AT5G44130	nd	OTH-PM
780	AT2G30930	ENV	OTH-PM
781	AT2G20230	nd	OTH-PM
			
782	AT1G09850	nd	OTH-VAC
783	AT2G07050	nd	OTH-VAC
784	AT5G58070	ENV	OTH-VAC
785	AT1G43620	nd	OTH-VAC
786	AT4G33360	nd	OTH-VAC
787	AT4G25570	nd	OTH-VAC
788	AT1G32400	nd	OTH-VAC
789	AT5G14120	nd	OTH-VAC
790	AT4G38350	nd	OTH-VAC
791	AT3G30390	nd	OTH-VAC
792	AT2G36830	ENV	OTH-VAC
793	AT3G26520	ENV-THY	OTH-VAC
794	AT3G16240	THY-ENV	OTH-VAC
795	AT4G17340	nd	OTH-VAC
796	AT2G41560	nd	OTH-VAC
797	AT3G57330	nd	OTH-VAC
798	AT1G15690	ENV	OTH-VAC
799	AT1G78900	ENV	OTH-VAC
800	AT2G21410	nd	OTH-VAC
801	AT4G39080	ENV	OTH-VAC
802	AT1G76030	ENV	OTH-VAC
803	AT4G38510	ENV	OTH-VAC
804	AT1G20260	nd	OTH-VAC
805	AT1G12840	ENV	OTH-VAC
806	AT3G58730	ENV	OTH-VAC
807	AT3G28710	ENV	OTH-VAC
808	AT3G28715	nd	OTH-VAC
809	AT4G11150	ENV	OTH-VAC
810	AT4G02620	ENV	OTH-VAC
811	AT3G01390	ENV	OTH-VAC
812	AT3G42050	ENV	OTH-VAC
813	AT2G25610	nd	OTH-VAC
814	AT2G02040	nd	OTH-VAC
815	AT4G03560	nd	OTH-VAC
816	AT4G23640	nd	OTH-VAC
817	AT1G30400	nd	OTH-VAC
818	AT1G04120	nd	OTH-VAC
819	AT3G62700	nd	OTH-VAC
820	AT1G53210	nd	OTH-VAC
821	AT5G40890	nd	OTH-VAC
822	AT1G70330	nd	OTH-VAC
823	AT1G19450	nd	OTH-VAC
824	AT1G75220	nd	OTH-VAC
825	AT1G20840	nd	OTH-VAC
826	AT4G35300	nd	OTH-VAC
			
827	AT1G08880	nd	OTH-NUC
828	AT1G07790	nd	OTH-NUC
829	AT1G07660	THY-STR	OTH-NUC
830	AT5G40480	nd	OTH-NUC
831	AT4G16143	nd	OTH-NUC
832	AT1G14850	nd	OTH-NUC
			
833	AT5G15450	STR	STR
834	AT4G24280	STR	STR
835	AT5G49910	STR	STR
836	AT2G47390	STR	STR
837	AT5G17710	STR	STR
838	AT3G24430	STR	STR-ENV
839	AT2G04030	STR	STR
840	AT5G42390	STR	STR
841	AT2G39730	STR	STR
842	AT3G13470	STR-ENV	STR-ENV
843	AT2G28000	STR-ENV	STR
844	AT1G55490	STR	STR
845	AT5G55220	STR	STR
846	AT3G19170	STR	STR
847	AT4G20850	STR	STR
848	AT5G65620	STR	STR
849	AT5G35970	STR	STR-ENV
850	AT2G02740	STR	STR
851	AT1G31160	nd	STR
852	AT1G29900	STR	STR
853	AT4G24830	STR	STR
854	AT4G31990	STR	STR
855	AT5G11520	STR	STR
856	AT4G33680	STR	STR
857	AT1G14810	STR	STR
858	AT1G67280	STR	STR
859	AT2G17265	STR	STR
860	AT3G22890	STR	STR
861	AT5G04590	STR	STR
862	AT2G43750	STR	STR
863	AT2G19940	STR	STR
864	AT1G31860	STR	STR-ENV
865	AT5G63890	STR	STR
866	AT4G26900	STR	STR
867	AT1G31230	STR	STR
868	AT3G58610	STR	STR
869	AT3G23940	STR	STR
870	AT2G31810	STR	STR-ENV
871	AT2G43090	STR	STR
872	AT4G13430	STR	STR
873	AT2G44040	STR	STR
874	AT5G11880	STR	STR
875	AT3G57050	STR	STR
876	AT2G41040	nd	STR
877	AT2G39800	nd	STR
878	AT4G34200	STR	STR
879	AT4G29840	STR	STR
880	AT1G07780	STR	STR-ENV
881	AT5G17990	STR	STR
882	AT3G54640	STR	STR
883	AT5G19220	STR	STR
884	AT1G69830	STR	STR
885	AT5G66530	STR	STR
886	AT5G48300	STR	STR
887	AT4G00490	STR	STR
888	AT4G17090	nd	STR
889	AT2G47400	STR-ENV	STR
890	AT3G62410	STR	STR
891	AT3G52180	STR	STR
892	AT1G66430	STR	STR
893	AT3G26650	STR-ENV	STR
894	AT1G12900	STR-ENV	STR
895	AT1G12900	STR-ENV	STR
896	AT1G42970	STR-ENV	STR
897	AT1G80380	STR	STR
898	AT3G54050	STR	STR
899	AT4G26530	STR	STR
900	AT5G35790	STR	STR
901	AT1G64190	STR	STR
902	AT5G41670	STR	STR
903	AT4G24620	STR	STR
904	AT5G51820	STR	STR
905	AT5G04140	STR	STR
906	AT3G29320	STR	STR
907	AT5G35630	STR	STR
908	AT5G58330	STR	STR
909	AT5G24400	STR	STR
910	AT1G21440	STR	STR
911	AT3G12780	STR	STR
912	AT1G56190	STR	STR
913	AT5G36700	STR	STR
914	AT5G17530	STR	STR
915	AT3G04790	STR	STR
916	AT1G32060	STR	STR
917	ATCG00490	STR-ENV	STR
918	AT1G67090	STR-ENV	STR
919	AT5G38430	STR-ENV	STR
920	AT5G38410	STR-ENV	STR
921	AT5G14260	STR	STR
922	AT5G61410	STR	STR
923	AT3G55800	STR	STR
924	AT2G21330	STR-THY	STR-THY
925	AT4G38970	STR	STR
926	AT4G32520	STR	STR
927	AT2G21170	STR	STR
928	AT3G60750	STR	STR
929	AT1G10760	STR	STR
930	AT5G24300	STR	STR
931	AT5G66120	STR	STR
932	AT1G06130	nd	STR
933	AT4G23100	STR	STR
934	AT5G14590	STR-THY	STR-THY
935	AT5G62790	STR	STR
936	AT5G60600	STR	STR
937	AT4G38460	STR	STR
938	AT5G36880	STR	STR
939	AT5G35360	STR	STR
940	AT1G62640	STR	STR
941	AT5G46290	STR	STR
942	AT1G74960	STR	STR
943	AT1G24360	STR	STR
944	AT3G45140	STR	STR
945	AT5G52920	STR	STR
946	AT3G22960	STR	STR
947	AT4G18440	STR	STR
948	AT4G22570	STR	STR
949	AT4G34740	STR	STR
950	AT5G63420	STR	STR-ENV
951	AT5G48960	STR	STR
952	AT5G63310	STR	STR
953	AT2G44530	STR	STR-ENV
954	AT5G09650	STR	STR
955	AT1G74260	STR	STR
956	AT3G57610	STR	STR
957	AT3G53900	STR	STR-ENV
958	AT3G14930	STR	STR
959	AT1G69740	STR	STR-ENV
960	AT2G40490	STR	STR
961	AT5G08280	STR	STR
962	AT1G03475	STR	STR
963	AT3G48730	STR	STR-ENV
964	AT4G18480	STR	STR-ENV
965	AT1G63940	STR	STR
966	AT1G15730	STR	STR-ENV
967	AT5G57850	STR	STR
968	AT1G21065	nd	STR
969	AT5G54770	STR	STR-ENV
970	AT2G30170	STR	STR-ENV
971	AT5G55280	STR	STR
972	AT2G47450	STR	STR
973	AT4G01800	STR	STR-ENV
974	AT5G03940	STR	STR
975	AT2G37660	STR	STR
976	AT4G18810	STR-ENV	STR
977	AT3G15840	STR	STR
978	AT2G47910	STR	STR
979	ATCG00420	STR	STR
980	AT4G03520	STR	STR
981	AT3G11630	STR	STR
982	AT5G06290	STR	STR
983	AT1G76080	STR	STR
984	AT2G38270	STR	STR
985	AT5G16710	STR	STR
986	AT5G01600	STR	STR
987	AT3G54660	STR	STR
988	AT1G53670	nd	STR-ENV
989	AT1G04420	STR	STR
990	AT2G41680	STR	STR
991	AT4G29670	STR	STR
992	AT1G03680	STR-ENV	STR
993	AT3G15360	STR-ENV	STR
994	AT5G66190	STR-THY	STR-THY
995	AT1G20020	STR-THY	STR-THY
996	AT2G15620	STR	STR
997	AT1G23740	STR	STR
998	AT5G06690	nd	STR
999	AT2G37220	STR-THY	STR-THY
1000	AT4G24770	STR-ENV	STR
1001	AT3G52380	STR	STR
1002	AT2G35410	STR	STR-ENV
1003	AT4G09040	STR	STR
1004	AT1G70070	nd	STR-ENV
1005	AT1G09340	Mix	STR-THY
1006	AT4G16390	STR	STR-ENV
1007	AT3G03710	STR	STR
1008	AT1G01080	STR	STR
1009	AT2G26670	STR	STR
1010	AT1G56050	STR	STR
1011	AT4G05090	nd	STR
1012	AT2G28190	STR	STR
1013	AT2G40300	STR	STR
1014	AT4G25100	STR	STR
1015	AT2G30860	STR	STR
1016	AT1G80480	STR	STR
1017	AT3G08740	STR	STR
1018	AT2G04842	STR	STR
1019	AT3G25660	STR	STR
1020	AT1G48520	STR	STR
1021	AT5G64050	STR	STR-ENV
1022	AT3G48110	STR	STR
1023	AT5G49030	STR	STR
1024	AT3G58140	STR	STR
1025	AT3G63190	STR	STR
1026	AT3G43540	nd	STR
1027	AT4G20360	STR-THY	STR-THY
1028	AT1G62750	STR	STR
1029	AT1G17220	STR	STR
1030	AT5G08650	STR-THY	STR-ENV
1031	AT1G16720	STR	STR-ENV
1032	AT3G52150	STR	STR
1033	AT1G68590	STR	STR-ENV
1034	AT4G29060	STR	STR
1035	AT1G07320	STR	STR-ENV
1036	ATCG00780	Mix	STR-OTH
1037	AT1G48350	STR	STR
1038	AT1G75350	Mix	STR-ENV
1039	AT5G30510	STR	STR
1040	AT3G23700	STR	STR
1041	ATCG00160	STR	STR-ENV
1042	ATCG00800	STR-ENV	STR-ENV
1043	ATCG00380	STR	STR
1044	AT2G33800	STR-THY	STR-ENV
1045	ATCG00900	nd	STR-ENV
1046	ATCG00750	STR	STR-ENV
1047	ATCG00065	STR-THY	STR-ENV
1048	AT5G14320	STR	STR
1049	AT5G13650	STR	STR-ENV
1050	AT1G23180	STR	STR-ENV
1051	AT5G04740	STR	STR
1052	AT2G47730	STR	STR
1053	AT1G32160	STR	STR
1054	AT5G45170	STR	STR
1055	AT4G39970	STR	STR
1056	AT3G48420	STR	STR
1057	AT5G27560	STR	STR
1058	AT1G53280	STR	STR
1059	AT5G04440	STR	STR-ENV
1060	AT1G31190	STR	STR-ENV
1061	AT5G52520	STR	STR
1062	AT1G62780	STR	STR
1063	AT1G52670	STR	STR
1064	AT5G14660	STR	STR-ENV
1065	AT2G14880	STR	STR-ENV
1066	AT2G45990	STR	STR
1067	AT2G30695	STR	STR
1068	AT3G04550	STR	STR
1069	AT5G13030	STR	STR
			
1070	AT3G15520	THY	THY
1071	AT3G27925	THY-STR	THY-STR
1072	AT5G39830	THY	THY
1073	AT5G02160	nd	THY
1074	AT5G05740	THY	THY
1075	AT2G43560	Mix	THY
1076	AT5G45680	THY	THY-ENV
1077	AT1G18170	THY	THY
1078	AT3G10060	THY	THY
1079	AT1G50250	THY-ENV	THY
1080	AT2G30950	THY	THY
1081	AT5G42270	THY-ENV	THY
1082	AT1G06430	THY	THY
1083	AT2G36250	THY-STR	THY-STR
1084	AT3G01480	THY	THY
1085	AT2G42220	THY	THY
1086	AT3G16000	THY	THY
1087	AT4G31390	nd	THY
1088	AT1G79600	THY	THY
1089	AT4G33510	THY	THY
1090	AT1G73110	THY-STR	THY-STR
1091	AT2G22230	THY	THY
1092	AT1G29670	THY	THY
1093	AT2G43710	THY-STR	THY-ENV
1094	AT5G35170	THY	THY
1095	AT5G08740	THY	THY
1096	AT1G32900	THY	THY
1097	AT3G51820	THY	THY
1098	AT1G74470	THY	THY
1099	AT2G30390	THY	THY-ENV
1100	AT3G14110	THY	THY
1101	AT4G19170	nd	THY
1102	AT1G08550	THY	THY
1103	AT5G53580	THY	THY
1104	AT4G04020	THY	THY
1105	AT2G35490	THY	THY
1106	AT3G26070	THY	THY
1107	AT3G58010	nd	THY
1108	AT4G00030	nd	THY
1109	AT1G78140	nd	THY
1110	AT3G18890	THY-ENV	THY
1111	AT4G35250	THY	THY
1112	AT3G46780	THY-ENV	THY
1113	AT2G07698	THY	THY
1114	ATCG00120	THY-ENV	THY
1115	ATCG00480	THY	THY
1116	AT4G04640	THY-ENV	THY
1117	AT4G09650	THY-ENV	THY
1118	ATCG00470	THY-ENV	THY
1119	ATCG00130	THY	THY
1120	AT4G32260	THY-ENV	THY
1121	AT4G01050	THY	THY
1122	ATCG01010	nd	THY
1123	AT1G15980	THY	THY
1124	AT1G64770	THY	THY
1125	ATCG01110	THY-STR	THY-STR
1126	ATCG01090	nd	THY
1127	AT5G58260	THY	THY
1128	AT5G13120	THY	THY
1129	AT3G26710	THY	THY
1130	ATCG00540	THY	THY
1131	ATCG00720	THY	THY
1132	AT4G03280	THY	THY
1133	ATCG00730	THY	THY
1134	AT1G20340	THY	THY
1135	AT1G76100	n/a	THY
1136	AT3G54890	THY	THY
1137	AT3G61470	THY	THY
1138	AT1G61520	THY	THY
1139	AT3G47470	THY	THY
1140	AT1G45474	THY	THY
1141	AT1G29930	THY	THY
1142	AT2G34430	THY	THY
1143	AT5G54270	THY	THY
1144	AT5G01530	THY	THY
1145	AT3G08940	THY	THY
1146	AT2G40100	THY	THY
1147	AT4G10340	THY	THY
1148	AT1G15820	THY	THY
1149	ATCG00350	THY-ENV	THY
1150	ATCG00340	THY-ENV	THY
1151	ATCG01060	THY	THY
1152	AT4G28750	THY-ENV	THY
1153	AT2G20260	THY-ENV	THY
1154	AT1G31330	THY-ENV	THY
1155	AT1G55670	THY	THY
1156	AT1G03130	THY-ENV	THY
1157	AT1G52230	THY	THY
1158	AT1G30380	THY	THY
1159	AT4G12800	THY	THY
1160	AT5G64040	THY	THY
1161	AT2G46820	THY	THY
1162	AT2G05620	THY	THY
1163	AT4G22890	THY	THY
1164	AT5G44650	n/a	THY
1165	ATCG00020	THY	THY
1166	ATCG00680	THY	THY
1167	ATCG00280	THY	THY
1168	ATCG00270	THY	THY
1169	ATCG00580	THY	THY
1170	ATCG00570	THY	THY
1171	ATCG00430	THY-STR	THY-STR
1172	ATCG00710	THY	THY
1173	ATCG00560	THY	THY
1174	AT5G66570	THY	THY
1175	AT3G50820	THY	THY
1176	AT1G06680	THY	THY
1177	AT1G76450	nd	THY
1178	AT4G15510	THY	THY
1179	AT3G55330	THY	THY
1180	AT1G77090	THY-STR	THY-STR
1181	AT5G11450	nd	THY
1182	AT4G21280	THY	THY
1183	AT4G05180	THY	THY
1184	AT1G14150	THY	THY
1185	AT2G39470	THY	THY
1186	AT1G79040	THY	THY
1187	AT1G44575	THY	THY
1188	AT1G03600	THY	THY
1189	AT1G34000	THY	THY
1190	AT1G75690	nd	THY-ENV
1191	AT1G55480	THY-ENV	THY
1192	AT5G23120	THY-ENV	THY
1193	AT3G47070	THY	THY
1194	AT1G60950	nd	THY
1195	AT1G14345	THY	THY-ENV
1196	AT1G32220	nd	THY
1197	AT2G27680	Mix	THY-OTH
1198	AT3G02730	THY-STR	THY-ENV
1199	AT3G26060	THY-ENV	THY-ENV
1200	AT1G71500	THY	THY
1201	AT4G10000	THY	THY
1202	AT4G37200	THY	THY
1203	AT5G53490	THY	THY
1204	AT1G64430	nd	THY-ENV
1205	AT5G23060	THY	THY
1206	AT4G01900	THY	THY
1207	AT3G47860	THY	THY
1208	AT1G77490	THY	THY
1209	AT4G09010	THY	THY
1210	AT2G20890	THY-ENV	THY-ENV
1211	AT1G03160	nd	THY
1212	AT2G44920	THY	THY
1213	AT2G25830	nd	THY
1214	AT1G62150	nd	THY
1215	AT3G62910	THY-STR	THY-STR
1216	AT2G24060	THY	THY
1217	AT5G24490	THY-STR	THY-STR
1218	AT1G02475	nd	THY
1219	AT4G04850	nd	THY
1220	AT5G38660	THY-ENV	THY-ENV
1221	AT2G10940	nd	THY
1222	AT1G50450	THY	THY-ENV
1223	AT5G58250	THY	THY
1224	AT5G17170	THY	THY
1225	AT5G08050	THY	THY
1226	AT1G74730	THY	THY-ENV
1227	AT5G42765	THY	THY
1228	AT2G26340	THY	THY
1229	AT3G61870	THY-ENV	THY-ENV
1230	AT5G37360	nd	THY
1231	AT5G48790	THY-ENV	THY-ENV
1232	AT4G31530	nd	THY-ENV
1233	AT2G21960	THY	THY
1234	AT1G56500	THY-STR	THY-STR
1235	AT3G57560	THY	THY-ENV
1236	AT4G01150	THY	THY
1237	AT4G24930	THY	THY
1238	AT4G02530	THY-ENV	THY-ENV
1239	AT1G54780	THY	THY
1240	AT4G16500	nd	OTH-EXT
1241	AT1G78830	nd	OTH-EXT
1242	AT3G15356	n/a	OTH-EXT
1243	AT3G51600	n/a	OTH-EXT
1244	AT1G01980	nd	OTH-EXT
1245	AT4G12420	nd	OTH-EXT
1246	AT3G20820	nd	OTH-EXT
			
1247	AT1G21080	nd	OTH-UNK
1248	AT3G53990	nd	OTH-UNK
1249	AT2G24420	nd	OTH-UNK
1250	AT5G26000	nd	OTH-UNK
1251	AT5G48375	nd	OTH-UNK
1252	AT1G06490	nd	OTH-UNK
1253	AT1G52000	nd	OTH-UNK
1254	AT1G52040	nd	OTH-UNK
1255	AT3G26210	nd	OTH-UNK
1256	AT1G13100	nd	OTH-UNK
1257	AT4G12320	nd	OTH-UNK
1258	AT5G40370	n/a	OTH-UNK
1259	AT5G43940	nd	OTH-UNK
1260	AT3G48890	nd	OTH-UNK
1261	AT1G04340	nd	OTH-UNK
1262	AT2G41530	nd	OTH-UNK
1263	AT4G23600	nd	OTH-UNK
1264	AT4G10060	nd	OTH-UNK
1265	AT4G14240	nd	OTH-UNK
1266	AT5G51570	nd	OTH-UNK
1267	AT1G70770	nd	OTH-UNK
1268	AT2G03510	nd	OTH-UNK
1269	AT3G27570	nd	OTH-UNK
			
			
			
			
			
